company,ticker,annual_report_year,statement_basis,annual_report_file,page_reference,note_reference,line_item,value_inr_crore,treatment,include_in_ev_formula,data_quality_flag,notes
Hero MotoCorp Ltd,HEROMOTOCO.NS,FY2024-25,Consolidated,hero_motocorp_ir_2024_25_c2c_v3.pdf,Page 304 / PDF page 306,Note 9B,Current investments,6635.99,subtract_if_cash_like,yes,verified,Reported under current financial assets investments in consolidated balance sheet.
Hero MotoCorp Ltd,HEROMOTOCO.NS,FY2024-25,Consolidated,hero_motocorp_ir_2024_25_c2c_v3.pdf,Page 304 / PDF page 306,Note 16,Cash and cash equivalents,383.55,subtract,yes,verified,Reported under current financial assets cash and cash equivalents.
Hero MotoCorp Ltd,HEROMOTOCO.NS,FY2024-25,Consolidated,hero_motocorp_ir_2024_25_c2c_v3.pdf,Page 304 / PDF page 306,Note 17,Bank balances other than cash and cash equivalents,190.53,subtract_if_cash_like,yes,verified,Reported under current financial assets bank balances other than cash and cash equivalents.
Hero MotoCorp Ltd,HEROMOTOCO.NS,FY2024-25,Consolidated,hero_motocorp_ir_2024_25_c2c_v3.pdf,Page 304 / PDF page 306,Note 21,Current borrowings,456.76,add,yes,verified,Reported under current financial liabilities borrowings.
Hero MotoCorp Ltd,HEROMOTOCO.NS,FY2024-25,Consolidated,hero_motocorp_ir_2024_25_c2c_v3.pdf,Page 304 / PDF page 306,Note 7,Non-current lease liabilities,196.21,add_if_material,review,verified,Reported under non-current financial liabilities lease liabilities. Include only under lease-adjusted EV presentation.
Hero MotoCorp Ltd,HEROMOTOCO.NS,FY2024-25,Consolidated,hero_motocorp_ir_2024_25_c2c_v3.pdf,Page 304 / PDF page 306,Note 7,Current lease liabilities,46.96,add_if_material,review,verified,Reported under current financial liabilities lease liabilities. Include only under lease-adjusted EV presentation.
Hero MotoCorp Ltd,HEROMOTOCO.NS,FY2024-25,Consolidated,hero_motocorp_ir_2024_25_c2c_v3.pdf,Page 304 / PDF page 306,Equity section,Non-controlling interests,132.05,add_if_material,yes,verified,Reported as non-controlling interests within consolidated equity; included in minority-interest-adjusted EV bridge.
Hero MotoCorp Ltd,HEROMOTOCO.NS,FY2024-25,Consolidated,hero_motocorp_ir_2024_25_c2c_v3.pdf,Page 304 / PDF page 306,Note 9B,Non-current financial investments,4767.33,disclose_separately,no,verified,Reported under non-current financial assets investments; not automatically treated as cash-like.
Hero MotoCorp Ltd,HEROMOTOCO.NS,FY2024-25,Consolidated,hero_motocorp_ir_2024_25_c2c_v3.pdf,Page 304 / PDF page 306,Note 9A,Equity accounted investments in associates,2980.94,disclose_separately,no,verified,Reported as equity-accounted investments in associates; strategic/associate investments, not automatically cash-like.
