company,ticker,annual_report_year,statement_basis,annual_report_file,page_reference,note_reference,line_item,value_inr_million,value_inr_crore,treatment,include_in_ev_formula,data_quality_flag,notes
Polycab India Ltd,POLYCAB.NS,FY2024-25,Consolidated,Polycab_IAR_2025.pdf,Page 270 / PDF page 272,Note 7B,Current investments,17490.42,1749.04,subtract_if_cash_like,yes,verified,Reported under current financial assets investments in consolidated balance sheet.
Polycab India Ltd,POLYCAB.NS,FY2024-25,Consolidated,Polycab_IAR_2025.pdf,Page 270 / PDF page 272,Note 9,Cash and cash equivalents,2173.87,217.39,subtract,yes,verified,Reported under current financial assets cash and cash equivalents and reconciled in cash flow note.
Polycab India Ltd,POLYCAB.NS,FY2024-25,Consolidated,Polycab_IAR_2025.pdf,Page 270 / PDF page 272,Note 10,Bank balance other than cash and cash equivalents,5532.49,553.25,subtract_if_cash_like,yes,verified,Reported under current financial assets bank balance other than cash and cash equivalents.
Polycab India Ltd,POLYCAB.NS,FY2024-25,Consolidated,Polycab_IAR_2025.pdf,Page 270 / PDF page 272,Note 19A,Non-current borrowings,419.40,41.94,add,yes,verified,Reported under non-current financial liabilities borrowings.
Polycab India Ltd,POLYCAB.NS,FY2024-25,Consolidated,Polycab_IAR_2025.pdf,Page 270 / PDF page 272,Note 19B,Current borrowings,670.64,67.06,add,yes,verified,Reported under current financial liabilities borrowings.
Polycab India Ltd,POLYCAB.NS,FY2024-25,Consolidated,Polycab_IAR_2025.pdf,Page 309 / PDF page 311,Note 20A,Non-current lease liabilities,709.34,70.93,add_if_material,review,verified,Reported under non-current lease liabilities. Include only under lease-adjusted EV presentation.
Polycab India Ltd,POLYCAB.NS,FY2024-25,Consolidated,Polycab_IAR_2025.pdf,Page 309 / PDF page 311,Note 20B,Current lease liabilities,224.99,22.50,add_if_material,review,verified,Reported under current lease liabilities. Include only under lease-adjusted EV presentation.
Polycab India Ltd,POLYCAB.NS,FY2024-25,Consolidated,Polycab_IAR_2025.pdf,Page 309 / PDF page 311,Note 21,Acceptances,13062.37,1306.24,disclose_separately,review,verified,Operating/non-fund-based working-capital LC acceptances; disclose separately and run sensitivity rather than include automatically in base EV.
Polycab India Ltd,POLYCAB.NS,FY2024-25,Consolidated,Polycab_IAR_2025.pdf,Page 20 / PDF page 22,Value creation page,Net cash disclosed by company,24572.00,2457.20,cross_check,no,verified,Company-disclosed net cash used as a cross-check, not direct EV formula input.
